frame,time_s,scenario,source,target_lux,detected,est_x,est_y,est_z,err_x,err_y,err_z,rot_x,rot_y,rot_z,marker_area_px,frame_brightness
0,0.0,Midnight 00:00,real-world,0.1,0,0.0,0.0,0.0,0.0,0.0,0.0,0.0,0.0,0.0,0.0,8.805
1,0.0667,Midnight 00:00,real-world,0.1,0,0.0,0.0,0.0,0.0,0.0,0.0,0.0,0.0,0.0,0.0,8.101
2,0.1333,Midnight 00:00,real-world,0.1,0,0.0,0.0,0.0,0.0,0.0,0.0,0.0,0.0,0.0,0.0,7.577
3,0.2,Midnight 00:00,real-world,0.1,0,0.0,0.0,0.0,0.0,0.0,0.0,0.0,0.0,0.0,0.0,7.133
4,0.2667,Midnight 00:00,real-world,0.1,0,0.0,0.0,0.0,0.0,0.0,0.0,0.0,0.0,0.0,0.0,6.897
5,0.3333,Midnight 00:00,real-world,0.1,1,-0.07704,0.00949,1.22889,-0.77111,-0.07704,-0.99051,-3.0181,0.54017,-0.9192,20029.5,6.809
6,0.4,Midnight 00:00,real-world,0.1,1,-0.07901,0.00462,1.26793,-0.73207,-0.07901,-0.99538,2.99084,-0.43818,0.87552,19035.5,6.673
7,0.4667,Midnight 00:00,real-world,0.1,1,-0.07948,-0.00617,1.31362,-0.68638,-0.07948,-1.00617,3.04795,-0.39854,0.8044,18170.5,6.569
8,0.5333,Midnight 00:00,real-world,0.1,1,-0.08141,-0.01862,1.36415,-0.63585,-0.08141,-1.01862,3.08452,-0.3884,0.77801,16988.0,6.508
9,0.6,Midnight 00:00,real-world,0.1,1,-0.07765,-0.02966,1.40442,-0.59558,-0.07765,-1.02966,3.09707,-0.35593,0.76007,16077.5,6.36
10,0.6667,Midnight 00:00,real-world,0.1,1,-0.07297,-0.03712,1.45306,-0.54694,-0.07297,-1.03712,3.14083,-0.30758,0.68557,15292.0,6.239
11,0.7333,Midnight 00:00,real-world,0.1,1,-0.06449,-0.03764,1.49207,-0.50793,-0.06449,-1.03764,3.16387,-0.24128,0.61256,14709.5,6.148
12,0.8,Midnight 00:00,real-world,0.1,1,-0.05779,-0.03908,1.53997,-0.46003,-0.05779,-1.03908,3.13381,-0.16561,0.55722,13941.0,6.118
13,0.8667,Midnight 00:00,real-world,0.1,1,-0.04793,-0.04181,1.58866,-0.41134,-0.04793,-1.04181,3.10304,-0.14572,0.51829,13150.5,6.033
14,0.9333,Midnight 00:00,real-world,0.1,1,-0.03373,-0.04445,1.63585,-0.36415,-0.03373,-1.04445,3.09057,-0.13204,0.49936,12395.5,5.956
15,1.0,Midnight 00:00,real-world,0.1,1,-0.01962,-0.04786,1.66668,-0.33332,-0.01962,-1.04786,3.04479,-0.10653,0.37872,12094.5,5.937
16,1.0667,Midnight 00:00,real-world,0.1,1,-0.01058,-0.04932,1.7223,-0.2777,-0.01058,-1.04932,2.99244,-0.08869,0.26808,11376.0,5.965
17,1.1333,Midnight 00:00,real-world,0.1,1,-0.00343,-0.05125,1.76291,-0.23709,-0.00343,-1.05125,3.02279,-0.06858,0.23182,10939.5,5.962
18,1.2,Midnight 00:00,real-world,0.1,0,0.0,0.0,0.0,0.0,0.0,0.0,0.0,0.0,0.0,0.0,5.908
19,1.2667,Midnight 00:00,real-world,0.1,0,0.0,0.0,0.0,0.0,0.0,0.0,0.0,0.0,0.0,0.0,5.761
20,1.3333,Midnight 00:00,real-world,0.1,0,0.0,0.0,0.0,0.0,0.0,0.0,0.0,0.0,0.0,0.0,5.697
21,1.4,Midnight 00:00,real-world,0.1,1,-0.00408,-0.06237,1.93547,-0.06453,-0.00408,-1.06237,3.03311,0.05095,0.02062,9178.5,5.639
22,1.4667,Midnight 00:00,real-world,0.1,1,-0.01068,-0.06335,1.9612,-0.0388,-0.01068,-1.06335,3.10029,0.04298,0.11424,8985.0,5.607
23,1.5333,Midnight 00:00,real-world,0.1,1,-0.03043,-0.0682,2.04819,0.04819,-0.03043,-1.0682,-3.0338,-0.04533,-0.11439,8243.0,5.538
24,1.6,Midnight 00:00,real-world,0.1,1,-0.03505,-0.06651,2.06748,0.06748,-0.03505,-1.06651,3.25307,0.02373,0.3587,7922.0,5.509
25,1.6667,Midnight 00:00,real-world,0.1,1,-0.04022,-0.0606,2.12296,0.12296,-0.04022,-1.0606,-2.92492,-0.03328,-0.26864,7485.0,5.477
26,1.7333,Midnight 00:00,real-world,0.1,1,-0.03948,-0.05532,2.13513,0.13513,-0.03948,-1.05532,-2.92453,-0.0103,-0.41046,7264.5,5.476
27,1.8,Midnight 00:00,real-world,0.1,1,-0.03744,-0.04998,2.18546,0.18546,-0.03744,-1.04998,-3.00375,0.00368,-0.44704,6969.0,5.437
28,1.8667,Midnight 00:00,real-world,0.1,1,-0.03042,-0.04209,2.20686,0.20686,-0.03042,-1.04209,3.10972,0.02473,0.34555,6973.5,5.486
29,1.9333,Midnight 00:00,real-world,0.1,1,-0.02244,-0.02795,2.22539,0.22539,-0.02244,-1.02795,3.031,-0.01369,-0.11829,6931.0,5.448
30,2.0,Midnight 00:00,real-world,0.1,1,-0.01175,-0.01219,2.2418,0.2418,-0.01175,-1.01219,3.08966,-0.00566,0.31696,6764.5,5.504
31,2.0667,Midnight 00:00,real-world,0.1,0,0.0,0.0,0.0,0.0,0.0,0.0,0.0,0.0,0.0,0.0,5.512
32,2.1333,Midnight 00:00,real-world,0.1,1,0.00294,0.01736,2.25725,0.25725,0.00294,-0.98264,-3.15687,0.05686,-0.42297,6567.5,5.475
33,2.2,Midnight 00:00,real-world,0.1,1,0.01065,0.02993,2.27409,0.27409,0.01065,-0.97007,3.13538,-0.11898,0.32799,6559.0,5.459
34,2.2667,Midnight 00:00,real-world,0.1,1,0.0176,0.03932,2.27338,0.27338,0.0176,-0.96068,3.04244,-0.12873,0.41963,6446.5,5.455
35,2.3333,Midnight 00:00,real-world,0.1,1,0.01656,0.04578,2.32096,0.32096,0.01656,-0.95422,3.0502,-0.11659,0.3728,6239.0,5.432
36,2.4,Midnight 00:00,real-world,0.1,0,0.0,0.0,0.0,0.0,0.0,0.0,0.0,0.0,0.0,0.0,5.435
37,2.4667,Midnight 00:00,real-world,0.1,1,0.01764,0.05474,2.33912,0.33912,0.01764,-0.94526,3.16145,-0.03709,0.25861,6244.5,5.44
38,2.5333,Midnight 00:00,real-world,0.1,1,0.01817,0.05627,2.33032,0.33032,0.01817,-0.94373,2.97829,-0.03467,-0.20944,6283.0,5.442
39,2.6,Midnight 00:00,real-world,0.1,1,0.02176,0.06166,2.35572,0.35572,0.02176,-0.93834,3.21945,-0.04524,0.09775,6206.5,5.412
40,2.6667,Midnight 00:00,real-world,0.1,1,0.02176,0.06419,2.3557,0.3557,0.02176,-0.93581,3.21885,-0.04518,0.09765,6206.5,5.433
41,2.7333,Midnight 00:00,real-world,0.1,0,0.0,0.0,0.0,0.0,0.0,0.0,0.0,0.0,0.0,0.0,5.452
42,2.8,Midnight 00:00,real-world,0.1,1,0.01861,0.07307,2.35439,0.35439,0.01861,-0.92693,-3.02165,0.00012,-0.34147,6043.0,5.412
43,2.8667,Midnight 00:00,real-world,0.1,0,0.0,0.0,0.0,0.0,0.0,0.0,0.0,0.0,0.0,0.0,5.421
44,2.9333,Midnight 00:00,real-world,0.1,0,0.0,0.0,0.0,0.0,0.0,0.0,0.0,0.0,0.0,0.0,5.441
45,3.0,Midnight 00:00,real-world,0.1,1,0.01122,0.07083,2.34556,0.34556,0.01122,-0.92917,3.0388,-0.02702,0.43618,6045.0,5.434
46,3.0667,Midnight 00:00,real-world,0.1,1,0.0123,0.07035,2.35383,0.35383,0.0123,-0.92965,3.02473,-0.00403,0.3479,6083.0,5.47
47,3.1333,Midnight 00:00,real-world,0.1,1,0.01052,0.06848,2.34622,0.34622,0.01052,-0.93152,3.08026,-0.02345,0.40875,6084.0,5.476
48,3.2,Midnight 00:00,real-world,0.1,1,0.01081,0.06815,2.35526,0.35526,0.01081,-0.93185,3.10396,-0.03565,0.26279,6166.0,5.475
49,3.2667,Midnight 00:00,real-world,0.1,1,0.00577,0.06562,2.35524,0.35524,0.00577,-0.93438,3.10429,-0.0358,0.266,6166.0,5.494
50,3.3333,Midnight 00:00,real-world,0.1,1,0.00056,0.06393,2.37097,0.37097,0.00056,-0.93607,3.20881,-0.04846,0.21417,6090.0,5.444
51,3.4,Midnight 00:00,real-world,0.1,1,-0.00664,0.06184,2.35617,0.35617,-0.00664,-0.93816,3.09419,-0.05484,0.36063,6092.0,5.457
52,3.4667,Midnight 00:00,real-world,0.1,0,0.0,0.0,0.0,0.0,0.0,0.0,0.0,0.0,0.0,0.0,5.434
53,3.5333,Midnight 00:00,real-world,0.1,0,0.0,0.0,0.0,0.0,0.0,0.0,0.0,0.0,0.0,0.0,5.453
54,3.6,Midnight 00:00,real-world,0.1,0,0.0,0.0,0.0,0.0,0.0,0.0,0.0,0.0,0.0,0.0,5.463
55,3.6667,Midnight 00:00,real-world,0.1,0,0.0,0.0,0.0,0.0,0.0,0.0,0.0,0.0,0.0,0.0,5.438
56,3.7333,Midnight 00:00,real-world,0.1,0,0.0,0.0,0.0,0.0,0.0,0.0,0.0,0.0,0.0,0.0,5.452
57,3.8,Midnight 00:00,real-world,0.1,0,0.0,0.0,0.0,0.0,0.0,0.0,0.0,0.0,0.0,0.0,5.447
58,3.8667,Midnight 00:00,real-world,0.1,0,0.0,0.0,0.0,0.0,0.0,0.0,0.0,0.0,0.0,0.0,5.451
59,3.9333,Midnight 00:00,real-world,0.1,1,-0.18284,0.06062,2.35619,0.35619,-0.18284,-0.93938,3.09422,-0.06955,0.44824,6136.5,5.403
60,4.0,Midnight 00:00,real-world,0.1,1,-0.20456,0.05807,2.33997,0.33997,-0.20456,-0.94193,3.0141,-0.05151,0.54237,6129.0,5.405
61,4.0667,Midnight 00:00,real-world,0.1,1,-0.22155,0.05797,2.3347,0.3347,-0.22155,-0.94203,3.02003,-0.0704,0.58068,6135.5,5.362
62,4.1333,Midnight 00:00,real-world,0.1,0,0.0,0.0,0.0,0.0,0.0,0.0,0.0,0.0,0.0,0.0,5.389
63,4.2,Midnight 00:00,real-world,0.1,0,0.0,0.0,0.0,0.0,0.0,0.0,0.0,0.0,0.0,0.0,5.409
64,4.2667,Midnight 00:00,real-world,0.1,0,0.0,0.0,0.0,0.0,0.0,0.0,0.0,0.0,0.0,0.0,5.436
65,4.3333,Midnight 00:00,real-world,0.1,0,0.0,0.0,0.0,0.0,0.0,0.0,0.0,0.0,0.0,0.0,5.438
66,4.4,Midnight 00:00,real-world,0.1,0,0.0,0.0,0.0,0.0,0.0,0.0,0.0,0.0,0.0,0.0,5.449
67,4.4667,Midnight 00:00,real-world,0.1,0,0.0,0.0,0.0,0.0,0.0,0.0,0.0,0.0,0.0,0.0,5.454
68,4.5333,Midnight 00:00,real-world,0.1,0,0.0,0.0,0.0,0.0,0.0,0.0,0.0,0.0,0.0,0.0,5.419
69,4.6,Midnight 00:00,real-world,0.1,0,0.0,0.0,0.0,0.0,0.0,0.0,0.0,0.0,0.0,0.0,5.423
70,4.6667,Midnight 00:00,real-world,0.1,0,0.0,0.0,0.0,0.0,0.0,0.0,0.0,0.0,0.0,0.0,5.421
71,4.7333,Midnight 00:00,real-world,0.1,0,0.0,0.0,0.0,0.0,0.0,0.0,0.0,0.0,0.0,0.0,5.421
72,4.8,Midnight 00:00,real-world,0.1,0,0.0,0.0,0.0,0.0,0.0,0.0,0.0,0.0,0.0,0.0,5.49
73,4.8667,Midnight 00:00,real-world,0.1,0,0.0,0.0,0.0,0.0,0.0,0.0,0.0,0.0,0.0,0.0,5.515
74,4.9333,Midnight 00:00,real-world,0.1,0,0.0,0.0,0.0,0.0,0.0,0.0,0.0,0.0,0.0,0.0,5.526
75,5.0,Midnight 00:00,real-world,0.1,0,0.0,0.0,0.0,0.0,0.0,0.0,0.0,0.0,0.0,0.0,5.571
76,5.0667,Midnight 00:00,real-world,0.1,1,-0.51073,0.06084,2.27213,0.27213,-0.51073,-0.93916,3.01282,-0.02733,0.79274,6604.0,5.598
77,5.1333,Midnight 00:00,real-world,0.1,0,0.0,0.0,0.0,0.0,0.0,0.0,0.0,0.0,0.0,0.0,5.577
78,5.2,Midnight 00:00,real-world,0.1,0,0.0,0.0,0.0,0.0,0.0,0.0,0.0,0.0,0.0,0.0,5.622
79,5.2667,Midnight 00:00,real-world,0.1,0,0.0,0.0,0.0,0.0,0.0,0.0,0.0,0.0,0.0,0.0,5.586
80,5.3333,Midnight 00:00,real-world,0.1,1,-0.58992,0.051,2.23629,0.23629,-0.58992,-0.949,3.2244,-0.02831,0.6919,6980.0,5.573
81,5.4,Midnight 00:00,real-world,0.1,1,-0.61111,0.0516,2.27954,0.27954,-0.61111,-0.9484,2.97667,-0.09812,0.67577,6787.0,5.598
82,5.4667,Midnight 00:00,real-world,0.1,1,-0.6091,0.05105,2.25055,0.25055,-0.6091,-0.94895,2.88358,-0.09286,0.51988,6936.0,5.619
83,5.5333,Midnight 00:00,real-world,0.1,1,-0.61925,0.04965,2.25889,0.25889,-0.61925,-0.95035,-2.95252,0.05172,-0.51621,6949.5,5.584
84,5.6,Midnight 00:00,real-world,0.1,1,-0.62192,0.04759,2.25368,0.25368,-0.62192,-0.95241,-3.17532,0.10266,-0.17308,6996.0,5.61
85,5.6667,Midnight 00:00,real-world,0.1,1,-0.61803,0.04413,2.22822,0.22822,-0.61803,-0.95587,2.96434,-0.11849,0.30473,7161.0,5.586
86,5.7333,Midnight 00:00,real-world,0.1,0,0.0,0.0,0.0,0.0,0.0,0.0,0.0,0.0,0.0,0.0,5.615
87,5.8,Midnight 00:00,real-world,0.1,0,0.0,0.0,0.0,0.0,0.0,0.0,0.0,0.0,0.0,0.0,5.622
88,5.8667,Midnight 00:00,real-world,0.1,1,-0.62166,0.04155,2.23103,0.23103,-0.62166,-0.95845,-3.21239,0.11646,-0.17112,7123.5,5.608
89,5.9333,Midnight 00:00,real-world,0.1,1,-0.61857,0.0424,2.22684,0.22684,-0.61857,-0.9576,3.0826,-0.09107,0.62507,7208.5,5.583
90,6.0,Midnight 00:00,real-world,0.1,1,-0.62569,0.04155,2.23288,0.23288,-0.62569,-0.95845,3.04834,-0.12107,0.1894,7129.5,5.61
91,6.0667,Midnight 00:00,real-world,0.1,1,-0.62288,0.03666,2.21946,0.21946,-0.62288,-0.96334,2.90914,-0.10187,0.44771,7191.5,5.589
92,6.1333,Midnight 00:00,real-world,0.1,1,-0.63322,0.02518,2.24698,0.24698,-0.63322,-0.97482,-3.24771,0.0872,-0.68009,6973.5,5.567
93,6.2,Midnight 00:00,real-world,0.1,1,-0.63801,-0.00448,2.24798,0.24798,-0.63801,-1.00448,-2.86191,0.00925,-0.48488,6933.5,5.601
94,6.2667,Midnight 00:00,real-world,0.1,1,-0.64468,-0.04359,2.26384,0.26384,-0.64468,-1.04359,-2.7743,-0.05164,-0.3606,6669.0,5.586
95,6.3333,Midnight 00:00,real-world,0.1,1,-0.66271,-0.09589,2.29169,0.29169,-0.66271,-1.09589,2.95515,-0.05375,0.52633,6761.0,5.589
96,6.4,Midnight 00:00,real-world,0.1,1,-0.66451,-0.13834,2.28467,0.28467,-0.66451,-1.13834,-3.20266,-0.01589,-0.50694,6849.5,5.617
97,6.4667,Midnight 00:00,real-world,0.1,1,-0.66758,-0.17818,2.27441,0.27441,-0.66758,-1.17818,3.15568,0.0292,0.08038,6808.0,5.627
98,6.5333,Midnight 00:00,real-world,0.1,1,-0.66009,-0.21403,2.24882,0.24882,-0.66009,-1.21403,3.03949,0.03634,0.26399,7025.0,5.584
99,6.6,Midnight 00:00,real-world,0.1,1,-0.66857,-0.2465,2.26235,0.26235,-0.66857,-1.2465,2.97046,-0.02485,0.37683,6884.0,5.616
100,6.6667,Midnight 00:00,real-world,0.1,1,-0.65707,-0.26913,2.22456,0.22456,-0.65707,-1.26913,3.01707,0.00345,0.28298,7140.0,5.617
101,6.7333,Midnight 00:00,real-world,0.1,1,-0.66142,-0.29497,2.23867,0.23867,-0.66142,-1.29497,3.00083,-0.06214,0.22794,6967.0,5.548
102,6.8,Midnight 00:00,real-world,0.1,1,-0.66222,-0.31375,2.25388,0.25388,-0.66222,-1.31375,-2.7261,-0.01313,-0.63554,6928.0,5.574
103,6.8667,Midnight 00:00,real-world,0.1,1,-0.66621,-0.3344,2.2521,0.2521,-0.66621,-1.3344,3.10309,-0.07597,0.16781,6980.0,5.53
104,6.9333,Midnight 00:00,real-world,0.1,1,-0.64475,-0.33599,2.19162,0.19162,-0.64475,-1.33599,-2.63785,-0.00934,-0.73004,7138.0,5.516
105,7.0,Midnight 00:00,real-world,0.1,1,-0.65108,-0.34872,2.19829,0.19829,-0.65108,-1.34872,2.99803,-0.03828,0.08357,7051.0,5.516
106,7.0667,Midnight 00:00,real-world,0.1,1,-0.64488,-0.35163,2.18327,0.18327,-0.64488,-1.35163,2.99495,-0.06549,0.08463,7137.5,5.487
107,7.1333,Midnight 00:00,real-world,0.1,1,-0.64579,-0.35116,2.19117,0.19117,-0.64579,-1.35116,-2.6278,-0.02478,-0.7328,7137.0,5.522
108,7.2,Midnight 00:00,real-world,0.1,1,-0.65101,-0.35657,2.20135,0.20135,-0.65101,-1.35657,-3.2097,0.03263,-0.02582,7097.5,5.513
109,7.2667,Midnight 00:00,real-world,0.1,1,-0.65318,-0.36284,2.22394,0.22394,-0.65318,-1.36284,3.01556,-0.07423,0.13426,6972.0,5.487
110,7.3333,Midnight 00:00,real-world,0.1,1,-0.64248,-0.35952,2.19889,0.19889,-0.64248,-1.35952,3.11566,-0.05715,0.06916,7231.0,5.523
111,7.4,Midnight 00:00,real-world,0.1,1,-0.64202,-0.36127,2.19811,0.19811,-0.64202,-1.36127,3.08865,-0.08185,0.14447,7276.5,5.55
112,7.4667,Midnight 00:00,real-world,0.1,1,-0.64679,-0.36295,2.21384,0.21384,-0.64679,-1.36295,3.14552,-0.07044,0.29028,7357.5,5.52
113,7.5333,Midnight 00:00,real-world,0.1,1,-0.64541,-0.36213,2.21156,0.21156,-0.64541,-1.36213,3.12595,-0.04115,0.12933,7226.0,5.532
114,7.6,Midnight 00:00,real-world,0.1,1,-0.64631,-0.36659,2.22781,0.22781,-0.64631,-1.36659,3.1189,-0.0627,0.21665,7185.5,5.488
115,7.6667,Midnight 00:00,real-world,0.1,0,0.0,0.0,0.0,0.0,0.0,0.0,0.0,0.0,0.0,0.0,5.545
116,7.7333,Midnight 00:00,real-world,0.1,1,-0.62688,-0.36139,2.20897,0.20897,-0.62688,-1.36139,-2.71297,0.02582,-0.68743,7187.0,5.518
117,7.8,Midnight 00:00,real-world,0.1,1,-0.61273,-0.35882,2.19792,0.19792,-0.61273,-1.35882,-2.69661,-0.02748,-0.60962,7264.5,5.52
118,7.8667,Midnight 00:00,real-world,0.1,0,0.0,0.0,0.0,0.0,0.0,0.0,0.0,0.0,0.0,0.0,5.527
119,7.9333,Midnight 00:00,real-world,0.1,1,-0.5842,-0.35777,2.21296,0.21296,-0.5842,-1.35777,-2.74835,-0.00259,-0.422,7266.0,5.51
120,8.0,Midnight 00:00,real-world,0.1,0,0.0,0.0,0.0,0.0,0.0,0.0,0.0,0.0,0.0,0.0,5.522
121,8.0667,Midnight 00:00,real-world,0.1,1,-0.54488,-0.36174,2.23084,0.23084,-0.54488,-1.36174,-3.15905,0.05345,-0.19599,7099.0,5.524
122,8.1333,Midnight 00:00,real-world,0.1,0,0.0,0.0,0.0,0.0,0.0,0.0,0.0,0.0,0.0,0.0,5.473
123,8.2,Midnight 00:00,real-world,0.1,1,-0.48707,-0.36304,2.26138,0.26138,-0.48707,-1.36304,-2.84002,0.04706,-0.49031,6937.5,5.486
124,8.2667,Midnight 00:00,real-world,0.1,1,-0.45198,-0.36273,2.26275,0.26275,-0.45198,-1.36273,-3.17376,0.11589,-0.16656,6830.0,5.413
125,8.3333,Midnight 00:00,real-world,0.1,0,0.0,0.0,0.0,0.0,0.0,0.0,0.0,0.0,0.0,0.0,5.395
126,8.4,Midnight 00:00,real-world,0.1,1,-0.38565,-0.36764,2.26384,0.26384,-0.38565,-1.36764,-2.97254,0.11713,-0.47286,6873.5,5.353
127,8.4667,Midnight 00:00,real-world,0.1,1,-0.36248,-0.37199,2.27538,0.27538,-0.36248,-1.37199,3.106,-0.13199,0.3101,6753.0,5.323
128,8.5333,Midnight 00:00,real-world,0.1,1,-0.3414,-0.37589,2.29097,0.29097,-0.3414,-1.37589,-3.01754,0.13597,-0.37384,6720.5,5.307
129,8.6,Midnight 00:00,real-world,0.1,0,0.0,0.0,0.0,0.0,0.0,0.0,0.0,0.0,0.0,0.0,5.32
130,8.6667,Midnight 00:00,real-world,0.1,1,-0.30572,-0.37041,2.27638,0.27638,-0.30572,-1.37041,3.08035,-0.1368,0.35136,6670.0,5.314
131,8.7333,Midnight 00:00,real-world,0.1,1,-0.28684,-0.36393,2.21487,0.21487,-0.28684,-1.36393,2.97234,-0.10457,0.09485,6822.5,5.296
132,8.8,Midnight 00:00,real-world,0.1,1,-0.28325,-0.36779,2.26582,0.26582,-0.28325,-1.36779,3.0144,-0.1295,0.26395,6626.0,5.302
133,8.8667,Midnight 00:00,real-world,0.1,1,-0.27985,-0.37105,2.28828,0.28828,-0.27985,-1.37105,3.10156,-0.12642,0.29305,6627.5,5.319
134,8.9333,Midnight 00:00,real-world,0.1,1,-0.27337,-0.37329,2.29159,0.29159,-0.27337,-1.37329,3.14873,-0.08578,0.11512,6658.0,5.297
135,9.0,Midnight 00:00,real-world,0.1,1,-0.26183,-0.37333,2.27623,0.27623,-0.26183,-1.37333,3.11002,-0.09825,0.31029,6695.5,5.316
136,9.0667,Midnight 00:00,real-world,0.1,1,-0.25252,-0.37692,2.29425,0.29425,-0.25252,-1.37692,3.11612,-0.07078,0.20002,6608.5,5.3
137,9.1333,Midnight 00:00,real-world,0.1,1,-0.24145,-0.37917,2.30915,0.30915,-0.24145,-1.37917,3.16674,-0.03468,0.09138,6563.0,5.308
138,9.2,Midnight 00:00,real-world,0.1,1,-0.22133,-0.37874,2.30446,0.30446,-0.22133,-1.37874,3.09046,-0.04485,0.03348,6484.0,5.285
139,9.2667,Midnight 00:00,real-world,0.1,1,-0.19846,-0.38064,2.32928,0.32928,-0.19846,-1.38064,3.28121,-0.04462,0.37376,6441.0,5.284
140,9.3333,Midnight 00:00,real-world,0.1,1,-0.17045,-0.37743,2.31364,0.31364,-0.17045,-1.37743,3.16494,-0.05198,0.11455,6525.5,5.316
141,9.4,Midnight 00:00,real-world,0.1,1,-0.14267,-0.38099,2.33416,0.33416,-0.14267,-1.38099,-3.00477,0.07374,-0.28058,6408.5,5.318
142,9.4667,Midnight 00:00,real-world,0.1,0,0.0,0.0,0.0,0.0,0.0,0.0,0.0,0.0,0.0,0.0,5.319
143,9.5333,Midnight 00:00,real-world,0.1,1,-0.08107,-0.37658,2.30973,0.30973,-0.08107,-1.37658,3.07113,-0.09238,0.0538,6420.0,5.312
144,9.6,Midnight 00:00,real-world,0.1,1,-0.05521,-0.37749,2.31775,0.31775,-0.05521,-1.37749,3.15054,-0.14639,0.28904,6398.0,5.348
145,9.6667,Midnight 00:00,real-world,0.1,1,-0.03132,-0.37977,2.3251,0.3251,-0.03132,-1.37977,-3.07007,0.12923,-0.17892,6435.5,5.381
146,9.7333,Midnight 00:00,real-world,0.1,1,-0.01008,-0.37286,2.28737,0.28737,-0.01008,-1.37286,3.21224,-0.17903,0.3634,6534.0,5.319
147,9.8,Midnight 00:00,real-world,0.1,1,0.00607,-0.37365,2.28488,0.28488,0.00607,-1.37365,3.20771,-0.18702,0.44614,6452.0,5.367
148,9.8667,Midnight 00:00,real-world,0.1,1,0.01659,-0.37599,2.29957,0.29957,0.01659,-1.37599,3.10542,-0.11735,0.19834,6467.0,5.379
149,9.9333,Midnight 00:00,real-world,0.1,1,0.02228,-0.37,2.29136,0.29136,0.02228,-1.37,-2.79805,0.08876,0.17883,6553.0,5.375
150,10.0,Midnight 00:00,real-world,0.1,1,0.02783,-0.36821,2.2508,0.2508,0.02783,-1.36821,3.05752,-0.09282,0.2294,6656.0,5.364
151,10.0667,Midnight 00:00,real-world,0.1,1,0.02965,-0.37125,2.27573,0.27573,0.02965,-1.37125,-3.09695,0.10979,-0.34393,6535.5,5.359
152,10.1333,Midnight 00:00,real-world,0.1,1,0.03103,-0.37513,2.30748,0.30748,0.03103,-1.37513,-3.09054,0.09281,-0.2481,6453.0,5.356
153,10.2,Midnight 00:00,real-world,0.1,1,0.03191,-0.36554,2.25085,0.25085,0.03191,-1.36554,-3.13007,0.10077,-0.41053,6567.0,5.391
154,10.2667,Midnight 00:00,real-world,0.1,1,0.03181,-0.36817,2.27413,0.27413,0.03181,-1.36817,3.10017,-0.08631,0.24588,6572.0,5.397
155,10.3333,Midnight 00:00,real-world,0.1,1,0.03301,-0.3672,2.26774,0.26774,0.03301,-1.3672,3.08394,-0.07858,0.2732,6567.5,5.372
156,10.4,Midnight 00:00,real-world,0.1,1,0.03354,-0.36873,2.27018,0.27018,0.03354,-1.36873,-3.15578,0.09146,-0.23334,6614.0,5.399
157,10.4667,Midnight 00:00,real-world,0.1,1,0.03184,-0.36882,2.26767,0.26767,0.03184,-1.36882,-3.1274,0.08623,-0.29142,6610.0,5.377
158,10.5333,Midnight 00:00,real-world,0.1,1,0.03177,-0.36331,2.26625,0.26625,0.03177,-1.36331,3.0823,-0.0973,0.27333,6574.5,5.388
159,10.6,Midnight 00:00,real-world,0.1,1,0.03001,-0.35409,2.2645,0.2645,0.03001,-1.35409,3.03664,-0.09788,0.30455,6492.0,5.36
160,10.6667,Midnight 00:00,real-world,0.1,1,0.03264,-0.33509,2.27912,0.27912,0.03264,-1.33509,-3.24368,0.07849,-0.3256,6362.5,5.405
161,10.7333,Midnight 00:00,real-world,0.1,1,0.03429,-0.30572,2.30829,0.30829,0.03429,-1.30572,-3.19826,0.04602,-0.32495,6279.0,5.435
162,10.8,Midnight 00:00,real-world,0.1,1,0.03439,-0.26783,2.28967,0.28967,0.03439,-1.26783,-3.25474,0.03234,-0.22978,6398.5,5.45
163,10.8667,Midnight 00:00,real-world,0.1,1,0.03561,-0.22571,2.28576,0.28576,0.03561,-1.22571,-3.26432,0.05166,-0.25361,6401.5,5.452
164,10.9333,Midnight 00:00,real-world,0.1,1,0.03427,-0.19063,2.27782,0.27782,0.03427,-1.19063,3.01165,0.01988,0.22839,6481.5,5.45
165,11.0,Midnight 00:00,real-world,0.1,1,0.03802,-0.15427,2.27984,0.27984,0.03802,-1.15427,2.96531,-0.0251,0.25112,6398.5,5.457
166,11.0667,Midnight 00:00,real-world,0.1,1,0.0404,-0.1226,2.25914,0.25914,0.0404,-1.1226,2.96905,-0.02429,0.13557,6602.0,5.494
167,11.1333,Midnight 00:00,real-world,0.1,1,0.03819,-0.0921,2.29833,0.29833,0.03819,-1.0921,-3.18036,-0.01607,-0.20876,6481.0,5.466
168,11.2,Midnight 00:00,real-world,0.1,1,0.03426,-0.06387,2.24036,0.24036,0.03426,-1.06387,3.07272,0.03677,0.43582,6603.0,5.51
169,11.2667,Midnight 00:00,real-world,0.1,1,0.03578,-0.03951,2.23931,0.23931,0.03578,-1.03951,-3.23097,-0.06244,-0.34432,6691.5,5.514
170,11.3333,Midnight 00:00,real-world,0.1,1,0.03752,-0.01505,2.2508,0.2508,0.03752,-1.01505,3.00124,0.04218,0.23221,6687.5,5.463
171,11.4,Midnight 00:00,real-world,0.1,1,0.03553,0.00794,2.27102,0.27102,0.03553,-0.99206,-3.26921,-0.07803,-0.30223,6533.0,5.465
172,11.4667,Midnight 00:00,real-world,0.1,1,0.03458,0.02246,2.21735,0.21735,0.03458,-0.97754,-3.14331,-0.03133,-0.4674,6722.0,5.462
173,11.5333,Midnight 00:00,real-world,0.1,1,0.032,0.0345,2.2602,0.2602,0.032,-0.9655,3.09681,0.03192,0.38923,6561.0,5.484
174,11.6,Midnight 00:00,real-world,0.1,1,0.02991,0.04464,2.26485,0.26485,0.02991,-0.95536,-3.21025,-0.03302,-0.27199,6644.0,5.459
175,11.6667,Midnight 00:00,real-world,0.1,1,0.03058,0.04621,2.25199,0.25199,0.03058,-0.95379,3.04508,0.00434,0.34472,6641.0,5.502
176,11.7333,Midnight 00:00,real-world,0.1,0,0.0,0.0,0.0,0.0,0.0,0.0,0.0,0.0,0.0,0.0,5.491
177,11.8,Midnight 00:00,real-world,0.1,1,0.02909,0.04735,2.2532,0.2532,0.02909,-0.95265,3.03631,0.00345,0.23611,6723.5,5.485
178,11.8667,Midnight 00:00,real-world,0.1,1,0.03029,0.04666,2.24179,0.24179,0.03029,-0.95334,3.06896,-0.01968,0.28733,6766.0,5.469
179,11.9333,Midnight 00:00,real-world,0.1,1,0.02858,0.04532,2.24025,0.24025,0.02858,-0.95468,3.03775,-0.005,0.32991,6723.0,5.502
180,12.0,Midnight 00:00,real-world,0.1,1,0.0287,0.0474,2.26873,0.26873,0.0287,-0.9526,3.11321,-0.03541,0.24861,6646.0,5.485
181,12.0667,Midnight 00:00,real-world,0.1,1,0.02793,0.04584,2.26501,0.26501,0.02793,-0.95416,3.05427,-0.02055,0.20235,6684.5,5.474
182,12.1333,Midnight 00:00,real-world,0.1,1,0.02757,0.04298,2.24156,0.24156,0.02757,-0.95702,3.04194,-0.04198,0.39844,6646.0,5.48
183,12.2,Midnight 00:00,real-world,0.1,1,0.0286,0.04212,2.28476,0.28476,0.0286,-0.95788,3.09564,-0.06011,0.14321,6612.0,5.479
184,12.2667,Midnight 00:00,real-world,0.1,1,0.02858,0.0389,2.26685,0.26685,0.02858,-0.9611,2.98698,-0.0748,0.21537,6619.0,5.52
185,12.3333,Midnight 00:00,real-world,0.1,1,0.02719,0.0396,2.28333,0.28333,0.02719,-0.9604,3.07729,-0.10168,0.30758,6509.5,5.498
186,12.4,Midnight 00:00,real-world,0.1,0,0.0,0.0,0.0,0.0,0.0,0.0,0.0,0.0,0.0,0.0,5.466
187,12.4667,Midnight 00:00,real-world,0.1,1,0.02036,0.04038,2.29341,0.29341,0.02036,-0.95962,3.07778,-0.0929,0.24368,6505.0,5.493
188,12.5333,Midnight 00:00,real-world,0.1,1,0.01611,0.04179,2.31928,0.31928,0.01611,-0.95821,3.01496,-0.0749,-0.0207,6416.0,5.45
189,12.6,Midnight 00:00,real-world,0.1,1,0.0118,0.04053,2.32078,0.32078,0.0118,-0.95947,2.99921,-0.06345,0.21406,6332.0,5.452
190,12.6667,Midnight 00:00,real-world,0.1,1,0.00732,0.03999,2.32512,0.32512,0.00732,-0.96001,3.00262,-0.07376,0.16869,6336.0,5.408
191,12.7333,Midnight 00:00,real-world,0.1,1,0.00353,0.03724,2.35369,0.35369,0.00353,-0.96276,3.28217,-0.07414,-0.10927,6174.0,5.443
192,12.8,Midnight 00:00,real-world,0.1,1,0.003,0.03541,2.36637,0.36637,0.003,-0.96459,2.94636,-0.07902,0.1737,6062.5,5.448
193,12.8667,Midnight 00:00,real-world,0.1,1,0.00365,0.03461,2.38257,0.38257,0.00365,-0.96539,3.00196,-0.09537,0.1733,6031.0,5.415
194,12.9333,Midnight 00:00,real-world,0.1,1,0.00253,0.03583,2.39486,0.39486,0.00253,-0.96417,2.93641,-0.10351,0.23086,5881.5,5.411
195,13.0,Midnight 00:00,real-world,0.1,0,0.0,0.0,0.0,0.0,0.0,0.0,0.0,0.0,0.0,0.0,5.448
196,13.0667,Midnight 00:00,real-world,0.1,1,0.00499,0.04335,2.47609,0.47609,0.00499,-0.95665,3.01078,-0.08413,0.1319,5605.5,5.432
197,13.1333,Midnight 00:00,real-world,0.1,1,0.00905,0.04628,2.48209,0.48209,0.00905,-0.95372,3.05152,-0.04425,0.15135,5592.5,5.456
198,13.2,Midnight 00:00,real-world,0.1,1,0.0093,0.05141,2.51126,0.51126,0.0093,-0.94859,-3.07836,0.07153,0.32502,5375.5,5.475
199,13.2667,Midnight 00:00,real-world,0.1,0,0.0,0.0,0.0,0.0,0.0,0.0,0.0,0.0,0.0,0.0,5.492
200,13.3333,Midnight 00:00,real-world,0.1,1,0.01513,0.0471,2.56446,0.56446,0.01513,-0.9529,3.21193,-0.09267,0.28217,5165.5,5.459
201,13.4,Midnight 00:00,real-world,0.1,0,0.0,0.0,0.0,0.0,0.0,0.0,0.0,0.0,0.0,0.0,5.454
202,13.4667,Midnight 00:00,real-world,0.1,1,0.00753,0.04127,2.6319,0.6319,0.00753,-0.95873,3.02949,-0.07903,0.19359,4949.0,5.439
203,13.5333,Midnight 00:00,real-world,0.1,0,0.0,0.0,0.0,0.0,0.0,0.0,0.0,0.0,0.0,0.0,5.424
204,13.6,Midnight 00:00,real-world,0.1,0,0.0,0.0,0.0,0.0,0.0,0.0,0.0,0.0,0.0,0.0,5.475
205,13.6667,Midnight 00:00,real-world,0.1,0,0.0,0.0,0.0,0.0,0.0,0.0,0.0,0.0,0.0,0.0,5.423
206,13.7333,Midnight 00:00,real-world,0.1,0,0.0,0.0,0.0,0.0,0.0,0.0,0.0,0.0,0.0,0.0,5.437
207,13.8,Midnight 00:00,real-world,0.1,0,0.0,0.0,0.0,0.0,0.0,0.0,0.0,0.0,0.0,0.0,5.412
208,13.8667,Midnight 00:00,real-world,0.1,0,0.0,0.0,0.0,0.0,0.0,0.0,0.0,0.0,0.0,0.0,5.399
209,13.9333,Midnight 00:00,real-world,0.1,0,0.0,0.0,0.0,0.0,0.0,0.0,0.0,0.0,0.0,0.0,5.373
210,14.0,Midnight 00:00,real-world,0.1,0,0.0,0.0,0.0,0.0,0.0,0.0,0.0,0.0,0.0,0.0,5.385
211,14.0667,Midnight 00:00,real-world,0.1,0,0.0,0.0,0.0,0.0,0.0,0.0,0.0,0.0,0.0,0.0,5.377
212,14.1333,Midnight 00:00,real-world,0.1,0,0.0,0.0,0.0,0.0,0.0,0.0,0.0,0.0,0.0,0.0,5.403
213,14.2,Midnight 00:00,real-world,0.1,0,0.0,0.0,0.0,0.0,0.0,0.0,0.0,0.0,0.0,0.0,5.4
214,14.2667,Midnight 00:00,real-world,0.1,0,0.0,0.0,0.0,0.0,0.0,0.0,0.0,0.0,0.0,0.0,5.362
215,14.3333,Midnight 00:00,real-world,0.1,0,0.0,0.0,0.0,0.0,0.0,0.0,0.0,0.0,0.0,0.0,5.363
216,14.4,Midnight 00:00,real-world,0.1,0,0.0,0.0,0.0,0.0,0.0,0.0,0.0,0.0,0.0,0.0,5.388
217,14.4667,Midnight 00:00,real-world,0.1,0,0.0,0.0,0.0,0.0,0.0,0.0,0.0,0.0,0.0,0.0,5.393
218,14.5333,Midnight 00:00,real-world,0.1,0,0.0,0.0,0.0,0.0,0.0,0.0,0.0,0.0,0.0,0.0,5.383
219,14.6,Midnight 00:00,real-world,0.1,0,0.0,0.0,0.0,0.0,0.0,0.0,0.0,0.0,0.0,0.0,5.389
220,14.6667,Midnight 00:00,real-world,0.1,0,0.0,0.0,0.0,0.0,0.0,0.0,0.0,0.0,0.0,0.0,5.368
221,14.7333,Midnight 00:00,real-world,0.1,0,0.0,0.0,0.0,0.0,0.0,0.0,0.0,0.0,0.0,0.0,5.408
222,14.8,Midnight 00:00,real-world,0.1,0,0.0,0.0,0.0,0.0,0.0,0.0,0.0,0.0,0.0,0.0,5.404
223,14.8667,Midnight 00:00,real-world,0.1,0,0.0,0.0,0.0,0.0,0.0,0.0,0.0,0.0,0.0,0.0,5.41
224,14.9333,Midnight 00:00,real-world,0.1,0,0.0,0.0,0.0,0.0,0.0,0.0,0.0,0.0,0.0,0.0,5.374
225,15.0,Midnight 00:00,real-world,0.1,0,0.0,0.0,0.0,0.0,0.0,0.0,0.0,0.0,0.0,0.0,5.416
226,15.0667,Midnight 00:00,real-world,0.1,0,0.0,0.0,0.0,0.0,0.0,0.0,0.0,0.0,0.0,0.0,5.415
227,15.1333,Midnight 00:00,real-world,0.1,0,0.0,0.0,0.0,0.0,0.0,0.0,0.0,0.0,0.0,0.0,5.393
228,15.2,Midnight 00:00,real-world,0.1,0,0.0,0.0,0.0,0.0,0.0,0.0,0.0,0.0,0.0,0.0,5.416
229,15.2667,Midnight 00:00,real-world,0.1,0,0.0,0.0,0.0,0.0,0.0,0.0,0.0,0.0,0.0,0.0,5.398
230,15.3333,Midnight 00:00,real-world,0.1,0,0.0,0.0,0.0,0.0,0.0,0.0,0.0,0.0,0.0,0.0,5.407
231,15.4,Midnight 00:00,real-world,0.1,0,0.0,0.0,0.0,0.0,0.0,0.0,0.0,0.0,0.0,0.0,5.402
232,15.4667,Midnight 00:00,real-world,0.1,0,0.0,0.0,0.0,0.0,0.0,0.0,0.0,0.0,0.0,0.0,5.412
233,15.5333,Midnight 00:00,real-world,0.1,0,0.0,0.0,0.0,0.0,0.0,0.0,0.0,0.0,0.0,0.0,5.372
234,15.6,Midnight 00:00,real-world,0.1,0,0.0,0.0,0.0,0.0,0.0,0.0,0.0,0.0,0.0,0.0,5.403
235,15.6667,Midnight 00:00,real-world,0.1,0,0.0,0.0,0.0,0.0,0.0,0.0,0.0,0.0,0.0,0.0,5.4
236,15.7333,Midnight 00:00,real-world,0.1,0,0.0,0.0,0.0,0.0,0.0,0.0,0.0,0.0,0.0,0.0,5.398
237,15.8,Midnight 00:00,real-world,0.1,0,0.0,0.0,0.0,0.0,0.0,0.0,0.0,0.0,0.0,0.0,5.356
238,15.8667,Midnight 00:00,real-world,0.1,0,0.0,0.0,0.0,0.0,0.0,0.0,0.0,0.0,0.0,0.0,5.353
239,15.9333,Midnight 00:00,real-world,0.1,0,0.0,0.0,0.0,0.0,0.0,0.0,0.0,0.0,0.0,0.0,5.412
240,16.0,Midnight 00:00,real-world,0.1,0,0.0,0.0,0.0,0.0,0.0,0.0,0.0,0.0,0.0,0.0,5.411
241,16.0667,Midnight 00:00,real-world,0.1,0,0.0,0.0,0.0,0.0,0.0,0.0,0.0,0.0,0.0,0.0,5.414
242,16.1333,Midnight 00:00,real-world,0.1,0,0.0,0.0,0.0,0.0,0.0,0.0,0.0,0.0,0.0,0.0,5.42
243,16.2,Midnight 00:00,real-world,0.1,0,0.0,0.0,0.0,0.0,0.0,0.0,0.0,0.0,0.0,0.0,5.43
244,16.2667,Midnight 00:00,real-world,0.1,0,0.0,0.0,0.0,0.0,0.0,0.0,0.0,0.0,0.0,0.0,5.423
245,16.3333,Midnight 00:00,real-world,0.1,0,0.0,0.0,0.0,0.0,0.0,0.0,0.0,0.0,0.0,0.0,5.389
246,16.4,Midnight 00:00,real-world,0.1,0,0.0,0.0,0.0,0.0,0.0,0.0,0.0,0.0,0.0,0.0,5.433
247,16.4667,Midnight 00:00,real-world,0.1,0,0.0,0.0,0.0,0.0,0.0,0.0,0.0,0.0,0.0,0.0,5.45
248,16.5333,Midnight 00:00,real-world,0.1,0,0.0,0.0,0.0,0.0,0.0,0.0,0.0,0.0,0.0,0.0,5.387
249,16.6,Midnight 00:00,real-world,0.1,0,0.0,0.0,0.0,0.0,0.0,0.0,0.0,0.0,0.0,0.0,5.466
250,16.6667,Midnight 00:00,real-world,0.1,0,0.0,0.0,0.0,0.0,0.0,0.0,0.0,0.0,0.0,0.0,5.49
251,16.7333,Midnight 00:00,real-world,0.1,0,0.0,0.0,0.0,0.0,0.0,0.0,0.0,0.0,0.0,0.0,5.5
252,16.8,Midnight 00:00,real-world,0.1,0,0.0,0.0,0.0,0.0,0.0,0.0,0.0,0.0,0.0,0.0,5.514
253,16.8667,Midnight 00:00,real-world,0.1,0,0.0,0.0,0.0,0.0,0.0,0.0,0.0,0.0,0.0,0.0,5.523
254,16.9333,Midnight 00:00,real-world,0.1,0,0.0,0.0,0.0,0.0,0.0,0.0,0.0,0.0,0.0,0.0,5.519
255,17.0,Midnight 00:00,real-world,0.1,0,0.0,0.0,0.0,0.0,0.0,0.0,0.0,0.0,0.0,0.0,5.525
256,17.0667,Midnight 00:00,real-world,0.1,0,0.0,0.0,0.0,0.0,0.0,0.0,0.0,0.0,0.0,0.0,5.563
257,17.1333,Midnight 00:00,real-world,0.1,0,0.0,0.0,0.0,0.0,0.0,0.0,0.0,0.0,0.0,0.0,5.532
258,17.2,Midnight 00:00,real-world,0.1,0,0.0,0.0,0.0,0.0,0.0,0.0,0.0,0.0,0.0,0.0,5.557
259,17.2667,Midnight 00:00,real-world,0.1,0,0.0,0.0,0.0,0.0,0.0,0.0,0.0,0.0,0.0,0.0,5.555
260,17.3333,Midnight 00:00,real-world,0.1,0,0.0,0.0,0.0,0.0,0.0,0.0,0.0,0.0,0.0,0.0,5.575
261,17.4,Midnight 00:00,real-world,0.1,0,0.0,0.0,0.0,0.0,0.0,0.0,0.0,0.0,0.0,0.0,5.561
262,17.4667,Midnight 00:00,real-world,0.1,0,0.0,0.0,0.0,0.0,0.0,0.0,0.0,0.0,0.0,0.0,5.527
263,17.5333,Midnight 00:00,real-world,0.1,0,0.0,0.0,0.0,0.0,0.0,0.0,0.0,0.0,0.0,0.0,5.534
264,17.6,Midnight 00:00,real-world,0.1,0,0.0,0.0,0.0,0.0,0.0,0.0,0.0,0.0,0.0,0.0,5.571
265,17.6667,Midnight 00:00,real-world,0.1,0,0.0,0.0,0.0,0.0,0.0,0.0,0.0,0.0,0.0,0.0,5.54
266,17.7333,Midnight 00:00,real-world,0.1,0,0.0,0.0,0.0,0.0,0.0,0.0,0.0,0.0,0.0,0.0,5.548
267,17.8,Midnight 00:00,real-world,0.1,0,0.0,0.0,0.0,0.0,0.0,0.0,0.0,0.0,0.0,0.0,5.563
268,17.8667,Midnight 00:00,real-world,0.1,0,0.0,0.0,0.0,0.0,0.0,0.0,0.0,0.0,0.0,0.0,5.533
269,17.9333,Midnight 00:00,real-world,0.1,0,0.0,0.0,0.0,0.0,0.0,0.0,0.0,0.0,0.0,0.0,5.546
270,18.0,Midnight 00:00,real-world,0.1,0,0.0,0.0,0.0,0.0,0.0,0.0,0.0,0.0,0.0,0.0,5.545
271,18.0667,Midnight 00:00,real-world,0.1,0,0.0,0.0,0.0,0.0,0.0,0.0,0.0,0.0,0.0,0.0,5.537
272,18.1333,Midnight 00:00,real-world,0.1,0,0.0,0.0,0.0,0.0,0.0,0.0,0.0,0.0,0.0,0.0,5.503
273,18.2,Midnight 00:00,real-world,0.1,0,0.0,0.0,0.0,0.0,0.0,0.0,0.0,0.0,0.0,0.0,5.551
274,18.2667,Midnight 00:00,real-world,0.1,0,0.0,0.0,0.0,0.0,0.0,0.0,0.0,0.0,0.0,0.0,5.553
275,18.3333,Midnight 00:00,real-world,0.1,0,0.0,0.0,0.0,0.0,0.0,0.0,0.0,0.0,0.0,0.0,5.539
276,18.4,Midnight 00:00,real-world,0.1,0,0.0,0.0,0.0,0.0,0.0,0.0,0.0,0.0,0.0,0.0,5.552
277,18.4667,Midnight 00:00,real-world,0.1,0,0.0,0.0,0.0,0.0,0.0,0.0,0.0,0.0,0.0,0.0,5.544
278,18.5333,Midnight 00:00,real-world,0.1,0,0.0,0.0,0.0,0.0,0.0,0.0,0.0,0.0,0.0,0.0,5.526
279,18.6,Midnight 00:00,real-world,0.1,0,0.0,0.0,0.0,0.0,0.0,0.0,0.0,0.0,0.0,0.0,5.529
280,18.6667,Midnight 00:00,real-world,0.1,0,0.0,0.0,0.0,0.0,0.0,0.0,0.0,0.0,0.0,0.0,5.538
281,18.7333,Midnight 00:00,real-world,0.1,0,0.0,0.0,0.0,0.0,0.0,0.0,0.0,0.0,0.0,0.0,5.495
282,18.8,Midnight 00:00,real-world,0.1,0,0.0,0.0,0.0,0.0,0.0,0.0,0.0,0.0,0.0,0.0,5.499
283,18.8667,Midnight 00:00,real-world,0.1,0,0.0,0.0,0.0,0.0,0.0,0.0,0.0,0.0,0.0,0.0,5.53
284,18.9333,Midnight 00:00,real-world,0.1,0,0.0,0.0,0.0,0.0,0.0,0.0,0.0,0.0,0.0,0.0,5.454
285,19.0,Midnight 00:00,real-world,0.1,0,0.0,0.0,0.0,0.0,0.0,0.0,0.0,0.0,0.0,0.0,5.496
286,19.0667,Midnight 00:00,real-world,0.1,0,0.0,0.0,0.0,0.0,0.0,0.0,0.0,0.0,0.0,0.0,5.488
287,19.1333,Midnight 00:00,real-world,0.1,0,0.0,0.0,0.0,0.0,0.0,0.0,0.0,0.0,0.0,0.0,5.436
288,19.2,Midnight 00:00,real-world,0.1,0,0.0,0.0,0.0,0.0,0.0,0.0,0.0,0.0,0.0,0.0,5.47
289,19.2667,Midnight 00:00,real-world,0.1,0,0.0,0.0,0.0,0.0,0.0,0.0,0.0,0.0,0.0,0.0,5.462
290,19.3333,Midnight 00:00,real-world,0.1,0,0.0,0.0,0.0,0.0,0.0,0.0,0.0,0.0,0.0,0.0,5.453
291,19.4,Midnight 00:00,real-world,0.1,0,0.0,0.0,0.0,0.0,0.0,0.0,0.0,0.0,0.0,0.0,5.446
292,19.4667,Midnight 00:00,real-world,0.1,0,0.0,0.0,0.0,0.0,0.0,0.0,0.0,0.0,0.0,0.0,5.447
293,19.5333,Midnight 00:00,real-world,0.1,0,0.0,0.0,0.0,0.0,0.0,0.0,0.0,0.0,0.0,0.0,5.429
294,19.6,Midnight 00:00,real-world,0.1,0,0.0,0.0,0.0,0.0,0.0,0.0,0.0,0.0,0.0,0.0,5.433
295,19.6667,Midnight 00:00,real-world,0.1,0,0.0,0.0,0.0,0.0,0.0,0.0,0.0,0.0,0.0,0.0,5.437
296,19.7333,Midnight 00:00,real-world,0.1,0,0.0,0.0,0.0,0.0,0.0,0.0,0.0,0.0,0.0,0.0,5.428
297,19.8,Midnight 00:00,real-world,0.1,0,0.0,0.0,0.0,0.0,0.0,0.0,0.0,0.0,0.0,0.0,5.406
298,19.8667,Midnight 00:00,real-world,0.1,0,0.0,0.0,0.0,0.0,0.0,0.0,0.0,0.0,0.0,0.0,5.422
299,19.9333,Midnight 00:00,real-world,0.1,0,0.0,0.0,0.0,0.0,0.0,0.0,0.0,0.0,0.0,0.0,5.488
300,20.0,Midnight 00:00,real-world,0.1,0,0.0,0.0,0.0,0.0,0.0,0.0,0.0,0.0,0.0,0.0,5.419
301,20.0667,Midnight 00:00,real-world,0.1,0,0.0,0.0,0.0,0.0,0.0,0.0,0.0,0.0,0.0,0.0,5.465
302,20.1333,Midnight 00:00,real-world,0.1,0,0.0,0.0,0.0,0.0,0.0,0.0,0.0,0.0,0.0,0.0,5.445
303,20.2,Midnight 00:00,real-world,0.1,0,0.0,0.0,0.0,0.0,0.0,0.0,0.0,0.0,0.0,0.0,5.428
304,20.2667,Midnight 00:00,real-world,0.1,0,0.0,0.0,0.0,0.0,0.0,0.0,0.0,0.0,0.0,0.0,5.445
305,20.3333,Midnight 00:00,real-world,0.1,0,0.0,0.0,0.0,0.0,0.0,0.0,0.0,0.0,0.0,0.0,5.422
306,20.4,Midnight 00:00,real-world,0.1,0,0.0,0.0,0.0,0.0,0.0,0.0,0.0,0.0,0.0,0.0,5.42
307,20.4667,Midnight 00:00,real-world,0.1,0,0.0,0.0,0.0,0.0,0.0,0.0,0.0,0.0,0.0,0.0,5.469
308,20.5333,Midnight 00:00,real-world,0.1,0,0.0,0.0,0.0,0.0,0.0,0.0,0.0,0.0,0.0,0.0,5.411
309,20.6,Midnight 00:00,real-world,0.1,0,0.0,0.0,0.0,0.0,0.0,0.0,0.0,0.0,0.0,0.0,5.44
310,20.6667,Midnight 00:00,real-world,0.1,0,0.0,0.0,0.0,0.0,0.0,0.0,0.0,0.0,0.0,0.0,5.437
311,20.7333,Midnight 00:00,real-world,0.1,0,0.0,0.0,0.0,0.0,0.0,0.0,0.0,0.0,0.0,0.0,5.405
312,20.8,Midnight 00:00,real-world,0.1,0,0.0,0.0,0.0,0.0,0.0,0.0,0.0,0.0,0.0,0.0,5.456
313,20.8667,Midnight 00:00,real-world,0.1,0,0.0,0.0,0.0,0.0,0.0,0.0,0.0,0.0,0.0,0.0,5.449
314,20.9333,Midnight 00:00,real-world,0.1,0,0.0,0.0,0.0,0.0,0.0,0.0,0.0,0.0,0.0,0.0,5.401
315,21.0,Midnight 00:00,real-world,0.1,0,0.0,0.0,0.0,0.0,0.0,0.0,0.0,0.0,0.0,0.0,5.421
316,21.0667,Midnight 00:00,real-world,0.1,0,0.0,0.0,0.0,0.0,0.0,0.0,0.0,0.0,0.0,0.0,5.426
317,21.1333,Midnight 00:00,real-world,0.1,0,0.0,0.0,0.0,0.0,0.0,0.0,0.0,0.0,0.0,0.0,5.423
318,21.2,Midnight 00:00,real-world,0.1,0,0.0,0.0,0.0,0.0,0.0,0.0,0.0,0.0,0.0,0.0,5.393
319,21.2667,Midnight 00:00,real-world,0.1,0,0.0,0.0,0.0,0.0,0.0,0.0,0.0,0.0,0.0,0.0,5.387
320,21.3333,Midnight 00:00,real-world,0.1,0,0.0,0.0,0.0,0.0,0.0,0.0,0.0,0.0,0.0,0.0,5.342
321,21.4,Midnight 00:00,real-world,0.1,0,0.0,0.0,0.0,0.0,0.0,0.0,0.0,0.0,0.0,0.0,5.34
322,21.4667,Midnight 00:00,real-world,0.1,0,0.0,0.0,0.0,0.0,0.0,0.0,0.0,0.0,0.0,0.0,5.286
323,21.5333,Midnight 00:00,real-world,0.1,0,0.0,0.0,0.0,0.0,0.0,0.0,0.0,0.0,0.0,0.0,5.32
324,21.6,Midnight 00:00,real-world,0.1,0,0.0,0.0,0.0,0.0,0.0,0.0,0.0,0.0,0.0,0.0,5.312
325,21.6667,Midnight 00:00,real-world,0.1,0,0.0,0.0,0.0,0.0,0.0,0.0,0.0,0.0,0.0,0.0,5.307
326,21.7333,Midnight 00:00,real-world,0.1,0,0.0,0.0,0.0,0.0,0.0,0.0,0.0,0.0,0.0,0.0,5.318
327,21.8,Midnight 00:00,real-world,0.1,0,0.0,0.0,0.0,0.0,0.0,0.0,0.0,0.0,0.0,0.0,5.301
328,21.8667,Midnight 00:00,real-world,0.1,0,0.0,0.0,0.0,0.0,0.0,0.0,0.0,0.0,0.0,0.0,5.27
329,21.9333,Midnight 00:00,real-world,0.1,0,0.0,0.0,0.0,0.0,0.0,0.0,0.0,0.0,0.0,0.0,5.281
330,22.0,Midnight 00:00,real-world,0.1,0,0.0,0.0,0.0,0.0,0.0,0.0,0.0,0.0,0.0,0.0,5.313
331,22.0667,Midnight 00:00,real-world,0.1,0,0.0,0.0,0.0,0.0,0.0,0.0,0.0,0.0,0.0,0.0,5.287
332,22.1333,Midnight 00:00,real-world,0.1,0,0.0,0.0,0.0,0.0,0.0,0.0,0.0,0.0,0.0,0.0,5.273
333,22.2,Midnight 00:00,real-world,0.1,0,0.0,0.0,0.0,0.0,0.0,0.0,0.0,0.0,0.0,0.0,5.277
334,22.2667,Midnight 00:00,real-world,0.1,0,0.0,0.0,0.0,0.0,0.0,0.0,0.0,0.0,0.0,0.0,5.279
335,22.3333,Midnight 00:00,real-world,0.1,0,0.0,0.0,0.0,0.0,0.0,0.0,0.0,0.0,0.0,0.0,5.258
336,22.4,Midnight 00:00,real-world,0.1,0,0.0,0.0,0.0,0.0,0.0,0.0,0.0,0.0,0.0,0.0,5.235
337,22.4667,Midnight 00:00,real-world,0.1,0,0.0,0.0,0.0,0.0,0.0,0.0,0.0,0.0,0.0,0.0,5.241
338,22.5333,Midnight 00:00,real-world,0.1,0,0.0,0.0,0.0,0.0,0.0,0.0,0.0,0.0,0.0,0.0,5.249
339,22.6,Midnight 00:00,real-world,0.1,0,0.0,0.0,0.0,0.0,0.0,0.0,0.0,0.0,0.0,0.0,5.18
340,22.6667,Midnight 00:00,real-world,0.1,0,0.0,0.0,0.0,0.0,0.0,0.0,0.0,0.0,0.0,0.0,5.252
341,22.7333,Midnight 00:00,real-world,0.1,0,0.0,0.0,0.0,0.0,0.0,0.0,0.0,0.0,0.0,0.0,5.242
342,22.8,Midnight 00:00,real-world,0.1,0,0.0,0.0,0.0,0.0,0.0,0.0,0.0,0.0,0.0,0.0,5.248
343,22.8667,Midnight 00:00,real-world,0.1,0,0.0,0.0,0.0,0.0,0.0,0.0,0.0,0.0,0.0,0.0,5.202
344,22.9333,Midnight 00:00,real-world,0.1,0,0.0,0.0,0.0,0.0,0.0,0.0,0.0,0.0,0.0,0.0,5.275
345,23.0,Midnight 00:00,real-world,0.1,0,0.0,0.0,0.0,0.0,0.0,0.0,0.0,0.0,0.0,0.0,5.271
346,23.0667,Midnight 00:00,real-world,0.1,0,0.0,0.0,0.0,0.0,0.0,0.0,0.0,0.0,0.0,0.0,5.277
347,23.1333,Midnight 00:00,real-world,0.1,0,0.0,0.0,0.0,0.0,0.0,0.0,0.0,0.0,0.0,0.0,5.283
348,23.2,Midnight 00:00,real-world,0.1,0,0.0,0.0,0.0,0.0,0.0,0.0,0.0,0.0,0.0,0.0,5.331
349,23.2667,Midnight 00:00,real-world,0.1,0,0.0,0.0,0.0,0.0,0.0,0.0,0.0,0.0,0.0,0.0,5.298
350,23.3333,Midnight 00:00,real-world,0.1,0,0.0,0.0,0.0,0.0,0.0,0.0,0.0,0.0,0.0,0.0,5.298
351,23.4,Midnight 00:00,real-world,0.1,0,0.0,0.0,0.0,0.0,0.0,0.0,0.0,0.0,0.0,0.0,5.28
352,23.4667,Midnight 00:00,real-world,0.1,0,0.0,0.0,0.0,0.0,0.0,0.0,0.0,0.0,0.0,0.0,5.295
353,23.5333,Midnight 00:00,real-world,0.1,0,0.0,0.0,0.0,0.0,0.0,0.0,0.0,0.0,0.0,0.0,5.272
354,23.6,Midnight 00:00,real-world,0.1,0,0.0,0.0,0.0,0.0,0.0,0.0,0.0,0.0,0.0,0.0,5.288
355,23.6667,Midnight 00:00,real-world,0.1,0,0.0,0.0,0.0,0.0,0.0,0.0,0.0,0.0,0.0,0.0,5.272
356,23.7333,Midnight 00:00,real-world,0.1,0,0.0,0.0,0.0,0.0,0.0,0.0,0.0,0.0,0.0,0.0,5.281
357,23.8,Midnight 00:00,real-world,0.1,0,0.0,0.0,0.0,0.0,0.0,0.0,0.0,0.0,0.0,0.0,5.291
358,23.8667,Midnight 00:00,real-world,0.1,0,0.0,0.0,0.0,0.0,0.0,0.0,0.0,0.0,0.0,0.0,5.283
359,23.9333,Midnight 00:00,real-world,0.1,0,0.0,0.0,0.0,0.0,0.0,0.0,0.0,0.0,0.0,0.0,5.3
360,24.0,Midnight 00:00,real-world,0.1,0,0.0,0.0,0.0,0.0,0.0,0.0,0.0,0.0,0.0,0.0,5.308
361,24.0667,Midnight 00:00,real-world,0.1,0,0.0,0.0,0.0,0.0,0.0,0.0,0.0,0.0,0.0,0.0,5.322
362,24.1333,Midnight 00:00,real-world,0.1,0,0.0,0.0,0.0,0.0,0.0,0.0,0.0,0.0,0.0,0.0,5.327
363,24.2,Midnight 00:00,real-world,0.1,0,0.0,0.0,0.0,0.0,0.0,0.0,0.0,0.0,0.0,0.0,5.337
364,24.2667,Midnight 00:00,real-world,0.1,0,0.0,0.0,0.0,0.0,0.0,0.0,0.0,0.0,0.0,0.0,5.388
365,24.3333,Midnight 00:00,real-world,0.1,0,0.0,0.0,0.0,0.0,0.0,0.0,0.0,0.0,0.0,0.0,5.373
366,24.4,Midnight 00:00,real-world,0.1,0,0.0,0.0,0.0,0.0,0.0,0.0,0.0,0.0,0.0,0.0,5.398
367,24.4667,Midnight 00:00,real-world,0.1,0,0.0,0.0,0.0,0.0,0.0,0.0,0.0,0.0,0.0,0.0,5.408
368,24.5333,Midnight 00:00,real-world,0.1,0,0.0,0.0,0.0,0.0,0.0,0.0,0.0,0.0,0.0,0.0,5.389
369,24.6,Midnight 00:00,real-world,0.1,0,0.0,0.0,0.0,0.0,0.0,0.0,0.0,0.0,0.0,0.0,5.391
370,24.6667,Midnight 00:00,real-world,0.1,0,0.0,0.0,0.0,0.0,0.0,0.0,0.0,0.0,0.0,0.0,5.445
371,24.7333,Midnight 00:00,real-world,0.1,0,0.0,0.0,0.0,0.0,0.0,0.0,0.0,0.0,0.0,0.0,5.431
372,24.8,Midnight 00:00,real-world,0.1,0,0.0,0.0,0.0,0.0,0.0,0.0,0.0,0.0,0.0,0.0,5.431
373,24.8667,Midnight 00:00,real-world,0.1,0,0.0,0.0,0.0,0.0,0.0,0.0,0.0,0.0,0.0,0.0,5.412
374,24.9333,Midnight 00:00,real-world,0.1,0,0.0,0.0,0.0,0.0,0.0,0.0,0.0,0.0,0.0,0.0,5.389
375,25.0,Midnight 00:00,real-world,0.1,0,0.0,0.0,0.0,0.0,0.0,0.0,0.0,0.0,0.0,0.0,5.421
376,25.0667,Midnight 00:00,real-world,0.1,0,0.0,0.0,0.0,0.0,0.0,0.0,0.0,0.0,0.0,0.0,5.43
377,25.1333,Midnight 00:00,real-world,0.1,0,0.0,0.0,0.0,0.0,0.0,0.0,0.0,0.0,0.0,0.0,5.386
378,25.2,Midnight 00:00,real-world,0.1,0,0.0,0.0,0.0,0.0,0.0,0.0,0.0,0.0,0.0,0.0,5.429
379,25.2667,Midnight 00:00,real-world,0.1,0,0.0,0.0,0.0,0.0,0.0,0.0,0.0,0.0,0.0,0.0,5.447
380,25.3333,Midnight 00:00,real-world,0.1,0,0.0,0.0,0.0,0.0,0.0,0.0,0.0,0.0,0.0,0.0,5.421
381,25.4,Midnight 00:00,real-world,0.1,0,0.0,0.0,0.0,0.0,0.0,0.0,0.0,0.0,0.0,0.0,5.464
382,25.4667,Midnight 00:00,real-world,0.1,0,0.0,0.0,0.0,0.0,0.0,0.0,0.0,0.0,0.0,0.0,5.403
383,25.5333,Midnight 00:00,real-world,0.1,0,0.0,0.0,0.0,0.0,0.0,0.0,0.0,0.0,0.0,0.0,5.416
384,25.6,Midnight 00:00,real-world,0.1,0,0.0,0.0,0.0,0.0,0.0,0.0,0.0,0.0,0.0,0.0,5.429
385,25.6667,Midnight 00:00,real-world,0.1,0,0.0,0.0,0.0,0.0,0.0,0.0,0.0,0.0,0.0,0.0,5.414
386,25.7333,Midnight 00:00,real-world,0.1,0,0.0,0.0,0.0,0.0,0.0,0.0,0.0,0.0,0.0,0.0,5.391
387,25.8,Midnight 00:00,real-world,0.1,0,0.0,0.0,0.0,0.0,0.0,0.0,0.0,0.0,0.0,0.0,5.428
388,25.8667,Midnight 00:00,real-world,0.1,0,0.0,0.0,0.0,0.0,0.0,0.0,0.0,0.0,0.0,0.0,5.409
389,25.9333,Midnight 00:00,real-world,0.1,0,0.0,0.0,0.0,0.0,0.0,0.0,0.0,0.0,0.0,0.0,5.403
390,26.0,Midnight 00:00,real-world,0.1,0,0.0,0.0,0.0,0.0,0.0,0.0,0.0,0.0,0.0,0.0,5.381
391,26.0667,Midnight 00:00,real-world,0.1,0,0.0,0.0,0.0,0.0,0.0,0.0,0.0,0.0,0.0,0.0,5.438
392,26.1333,Midnight 00:00,real-world,0.1,0,0.0,0.0,0.0,0.0,0.0,0.0,0.0,0.0,0.0,0.0,5.419
393,26.2,Midnight 00:00,real-world,0.1,0,0.0,0.0,0.0,0.0,0.0,0.0,0.0,0.0,0.0,0.0,5.402
394,26.2667,Midnight 00:00,real-world,0.1,0,0.0,0.0,0.0,0.0,0.0,0.0,0.0,0.0,0.0,0.0,5.42
395,26.3333,Midnight 00:00,real-world,0.1,0,0.0,0.0,0.0,0.0,0.0,0.0,0.0,0.0,0.0,0.0,5.437
396,26.4,Midnight 00:00,real-world,0.1,0,0.0,0.0,0.0,0.0,0.0,0.0,0.0,0.0,0.0,0.0,5.432
397,26.4667,Midnight 00:00,real-world,0.1,0,0.0,0.0,0.0,0.0,0.0,0.0,0.0,0.0,0.0,0.0,5.45
398,26.5333,Midnight 00:00,real-world,0.1,0,0.0,0.0,0.0,0.0,0.0,0.0,0.0,0.0,0.0,0.0,5.408
399,26.6,Midnight 00:00,real-world,0.1,0,0.0,0.0,0.0,0.0,0.0,0.0,0.0,0.0,0.0,0.0,5.437
400,26.6667,Midnight 00:00,real-world,0.1,0,0.0,0.0,0.0,0.0,0.0,0.0,0.0,0.0,0.0,0.0,5.424
401,26.7333,Midnight 00:00,real-world,0.1,0,0.0,0.0,0.0,0.0,0.0,0.0,0.0,0.0,0.0,0.0,5.427
402,26.8,Midnight 00:00,real-world,0.1,0,0.0,0.0,0.0,0.0,0.0,0.0,0.0,0.0,0.0,0.0,5.409
403,26.8667,Midnight 00:00,real-world,0.1,1,0.01049,0.04163,2.63237,0.63237,0.01049,-0.95837,3.11962,-0.0478,0.25394,4940.0,5.436
404,26.9333,Midnight 00:00,real-world,0.1,0,0.0,0.0,0.0,0.0,0.0,0.0,0.0,0.0,0.0,0.0,5.39
405,27.0,Midnight 00:00,real-world,0.1,1,-0.00896,0.0348,2.51603,0.51603,-0.00896,-0.9652,3.0383,-0.03394,-0.34081,5330.0,5.36
406,27.0667,Midnight 00:00,real-world,0.1,1,-0.0173,0.03222,2.51986,0.51986,-0.0173,-0.96778,3.05689,-0.04487,0.39044,5296.0,5.385
407,27.1333,Midnight 00:00,real-world,0.1,0,0.0,0.0,0.0,0.0,0.0,0.0,0.0,0.0,0.0,0.0,5.403
408,27.2,Midnight 00:00,real-world,0.1,0,0.0,0.0,0.0,0.0,0.0,0.0,0.0,0.0,0.0,0.0,5.386
409,27.2667,Midnight 00:00,real-world,0.1,1,-0.02926,0.02496,2.4757,0.4757,-0.02926,-0.97504,3.05665,0.01592,0.24797,5588.0,5.39
410,27.3333,Midnight 00:00,real-world,0.1,1,-0.0276,0.02435,2.46082,0.46082,-0.0276,-0.97565,3.10221,0.03243,0.31496,5627.0,5.394
411,27.4,Midnight 00:00,real-world,0.1,1,-0.02432,0.01948,2.3949,0.3949,-0.02432,-0.98052,3.01669,0.02,0.2767,5929.5,5.396
412,27.4667,Midnight 00:00,real-world,0.1,1,-0.01942,0.01819,2.3669,0.3669,-0.01942,-0.98181,3.0638,0.00596,0.34425,6044.5,5.415
413,27.5333,Midnight 00:00,real-world,0.1,1,-0.01482,0.01772,2.35014,0.35014,-0.01482,-0.98228,3.13323,0.02655,0.36451,6124.0,5.423
414,27.6,Midnight 00:00,real-world,0.1,1,-0.00893,0.013,2.3167,0.3167,-0.00893,-0.987,3.10436,-0.00355,0.38405,6279.0,5.402
415,27.6667,Midnight 00:00,real-world,0.1,1,-0.00273,0.00953,2.29409,0.29409,-0.00273,-0.99047,3.04772,-0.04683,0.35576,6405.0,5.437
416,27.7333,Midnight 00:00,real-world,0.1,1,0.00148,0.00764,2.25951,0.25951,0.00148,-0.99236,3.06982,-0.04621,0.31463,6647.5,5.465
417,27.8,Midnight 00:00,real-world,0.1,0,0.0,0.0,0.0,0.0,0.0,0.0,0.0,0.0,0.0,0.0,5.441
418,27.8667,Midnight 00:00,real-world,0.1,1,0.0068,0.00672,2.21468,0.21468,0.0068,-0.99328,3.0354,-0.08129,0.30196,6908.0,5.528
419,27.9333,Midnight 00:00,real-world,0.1,1,0.00744,0.00595,2.23535,0.23535,0.00744,-0.99405,2.99285,-0.06731,0.08605,6861.5,5.467
420,28.0,Midnight 00:00,real-world,0.1,1,0.00268,0.0028,2.206,0.206,0.00268,-0.9972,3.09165,-0.04585,0.31891,6977.5,5.528
421,28.0667,Midnight 00:00,real-world,0.1,1,-0.00113,0.00306,2.23126,0.23126,-0.00113,-0.99694,-3.11484,0.02802,-0.23682,6891.0,5.481
422,28.1333,Midnight 00:00,real-world,0.1,1,-0.00645,0.00337,2.18114,0.18114,-0.00645,-0.99663,-2.90809,0.00368,0.00467,7096.5,5.5
423,28.2,Midnight 00:00,real-world,0.1,1,-0.00988,0.00236,2.18926,0.18926,-0.00988,-0.99764,3.00348,-0.02253,0.2374,7099.0,5.48
424,28.2667,Midnight 00:00,real-world,0.1,1,-0.01341,0.00293,2.17429,0.17429,-0.01341,-0.99707,3.00734,0.00839,0.19992,7225.0,5.478
425,28.3333,Midnight 00:00,real-world,0.1,1,-0.01553,0.00285,2.16697,0.16697,-0.01553,-0.99715,2.9893,-0.00068,0.25322,7224.0,5.482
426,28.4,Midnight 00:00,real-world,0.1,1,-0.01671,0.00233,2.16412,0.16412,-0.01671,-0.99767,3.00421,-0.00496,0.24086,7267.0,5.496
427,28.4667,Midnight 00:00,real-world,0.1,1,-0.01521,0.00494,2.1702,0.1702,-0.01521,-0.99506,-3.20013,0.03764,-0.18204,7314.0,5.534
428,28.5333,Midnight 00:00,real-world,0.1,1,-0.01429,0.00609,2.17365,0.17365,-0.01429,-0.99391,3.06995,-0.04509,0.10158,7316.5,5.513
429,28.6,Midnight 00:00,real-world,0.1,1,-0.01415,0.00529,2.16168,0.16168,-0.01415,-0.99471,3.02745,-0.05769,0.12138,7363.5,5.513
430,28.6667,Midnight 00:00,real-world,0.1,1,-0.01137,0.00469,2.14606,0.14606,-0.01137,-0.99531,3.02594,-0.0528,0.24577,7404.5,5.528
431,28.7333,Midnight 00:00,real-world,0.1,1,-0.00857,0.00607,2.12609,0.12609,-0.00857,-0.99393,3.09372,-0.04862,0.18812,7620.0,5.517
432,28.8,Midnight 00:00,real-world,0.1,1,-0.00657,0.00898,2.14002,0.14002,-0.00657,-0.99102,3.21966,-0.05983,0.10881,7536.0,5.552
433,28.8667,Midnight 00:00,real-world,0.1,1,-0.00543,0.01327,2.09951,0.09951,-0.00543,-0.98673,-3.06209,0.05128,-0.24934,7752.5,5.5
434,28.9333,Midnight 00:00,real-world,0.1,1,-0.01166,0.01879,2.10654,0.10654,-0.01166,-0.98121,3.0483,0.00419,0.06925,7788.0,5.453
435,29.0,Midnight 00:00,real-world,0.1,1,-0.0197,0.02211,2.08002,0.08002,-0.0197,-0.97789,2.97582,-0.0015,-0.05078,7920.5,5.455
436,29.0667,Midnight 00:00,real-world,0.1,1,-0.0261,0.02289,2.0624,0.0624,-0.0261,-0.97711,-2.97759,0.02257,-0.14743,8012.0,5.431
437,29.1333,Midnight 00:00,real-world,0.1,1,-0.03929,0.02422,2.02781,0.02781,-0.03929,-0.97578,-2.96733,0.01306,-0.13328,8281.5,5.489
438,29.2,Midnight 00:00,real-world,0.1,1,-0.05208,0.02602,1.97324,-0.02676,-0.05208,-0.97398,-2.90843,-0.00519,-0.10274,8646.5,5.463
439,29.2667,Midnight 00:00,real-world,0.1,1,-0.07135,0.02269,1.94368,-0.05632,-0.07135,-0.97731,3.08713,-0.03454,-0.12285,9124.0,5.481
440,29.3333,Midnight 00:00,real-world,0.1,1,-0.0896,0.01896,1.85635,-0.14365,-0.0896,-0.98104,-3.03695,0.03343,-0.16264,10006.0,5.574
441,29.4,Midnight 00:00,real-world,0.1,1,-0.12132,0.01119,1.75939,-0.24061,-0.12132,-0.98881,-2.99796,0.04587,-0.00345,11091.0,5.688
442,29.4667,Midnight 00:00,real-world,0.1,0,0.0,0.0,0.0,0.0,0.0,0.0,0.0,0.0,0.0,0.0,5.81
443,29.5333,Midnight 00:00,real-world,0.1,0,0.0,0.0,0.0,0.0,0.0,0.0,0.0,0.0,0.0,0.0,5.936
444,29.6,Midnight 00:00,real-world,0.1,1,-0.23305,-0.04347,1.56548,-0.43452,-0.23305,-1.04347,3.03906,0.05101,0.12641,14185.0,6.069
445,29.6667,Midnight 00:00,real-world,0.1,1,-0.25232,-0.05953,1.46972,-0.53028,-0.25232,-1.05953,3.01729,0.06758,0.19571,16116.5,6.177
446,29.7333,Midnight 00:00,real-world,0.1,1,-0.27588,-0.06697,1.41771,-0.58229,-0.27588,-1.06697,3.14049,0.06878,-0.00366,17259.5,6.329
447,29.8,Midnight 00:00,real-world,0.1,1,-0.28717,-0.06789,1.3331,-0.6669,-0.28717,-1.06789,3.05604,0.06973,-0.05023,19236.0,6.532
448,29.8667,Midnight 00:00,real-world,0.1,1,-0.30027,-0.06057,1.26025,-0.73975,-0.30027,-1.06057,3.05244,0.04225,-0.05314,21488.5,6.804
449,29.9333,Midnight 00:00,real-world,0.1,1,-0.31001,-0.05235,1.18235,-0.81765,-0.31001,-1.05235,3.02282,0.05446,-0.18314,23600.0,7.112
450,30.0,Midnight 00:00,real-world,0.1,0,0.0,0.0,0.0,0.0,0.0,0.0,0.0,0.0,0.0,0.0,7.642
451,30.0667,Midnight 00:00,real-world,0.1,1,-0.33264,-0.04527,1.00735,-0.99265,-0.33264,-1.04527,2.97827,0.09418,-0.25918,31211.0,8.379
452,30.1333,Midnight 00:00,real-world,0.1,1,-0.34248,-0.0457,0.9271,-1.0729,-0.34248,-1.0457,2.96326,0.05341,-0.30855,35702.5,9.337
453,30.2,Midnight 00:00,real-world,0.1,1,-0.34569,-0.04894,0.86556,-1.13444,-0.34569,-1.04894,2.97584,-0.05622,-0.32174,40479.0,10.5
454,30.2667,Midnight 00:00,real-world,0.1,0,0.0,0.0,0.0,0.0,0.0,0.0,0.0,0.0,0.0,0.0,12.348
455,30.3333,Midnight 00:00,real-world,0.1,0,0.0,0.0,0.0,0.0,0.0,0.0,0.0,0.0,0.0,0.0,14.809
456,30.4,Midnight 00:00,real-world,0.1,0,0.0,0.0,0.0,0.0,0.0,0.0,0.0,0.0,0.0,0.0,17.533
457,30.4667,Midnight 00:00,real-world,0.1,0,0.0,0.0,0.0,0.0,0.0,0.0,0.0,0.0,0.0,0.0,19.361
458,30.5333,Midnight 00:00,real-world,0.1,0,0.0,0.0,0.0,0.0,0.0,0.0,0.0,0.0,0.0,0.0,20.711
459,30.6,Midnight 00:00,real-world,0.1,0,0.0,0.0,0.0,0.0,0.0,0.0,0.0,0.0,0.0,0.0,20.587
460,30.6667,Midnight 00:00,real-world,0.1,0,0.0,0.0,0.0,0.0,0.0,0.0,0.0,0.0,0.0,0.0,18.854
461,30.7333,Midnight 00:00,real-world,0.1,0,0.0,0.0,0.0,0.0,0.0,0.0,0.0,0.0,0.0,0.0,15.857
462,30.8,Midnight 00:00,real-world,0.1,0,0.0,0.0,0.0,0.0,0.0,0.0,0.0,0.0,0.0,0.0,11.569
463,30.8667,Midnight 00:00,real-world,0.1,0,0.0,0.0,0.0,0.0,0.0,0.0,0.0,0.0,0.0,0.0,7.836
464,30.9333,Midnight 00:00,real-world,0.1,0,0.0,0.0,0.0,0.0,0.0,0.0,0.0,0.0,0.0,0.0,6.614
465,31.0,Midnight 00:00,real-world,0.1,0,0.0,0.0,0.0,0.0,0.0,0.0,0.0,0.0,0.0,0.0,6.335
466,31.0667,Midnight 00:00,real-world,0.1,0,0.0,0.0,0.0,0.0,0.0,0.0,0.0,0.0,0.0,0.0,5.978
467,31.1333,Midnight 00:00,real-world,0.1,0,0.0,0.0,0.0,0.0,0.0,0.0,0.0,0.0,0.0,0.0,5.708
468,31.2,Midnight 00:00,real-world,0.1,0,0.0,0.0,0.0,0.0,0.0,0.0,0.0,0.0,0.0,0.0,5.554
469,31.2667,Midnight 00:00,real-world,0.1,0,0.0,0.0,0.0,0.0,0.0,0.0,0.0,0.0,0.0,0.0,5.481
470,31.3333,Midnight 00:00,real-world,0.1,0,0.0,0.0,0.0,0.0,0.0,0.0,0.0,0.0,0.0,0.0,5.458
471,31.4,Midnight 00:00,real-world,0.1,0,0.0,0.0,0.0,0.0,0.0,0.0,0.0,0.0,0.0,0.0,5.462
472,31.4667,Midnight 00:00,real-world,0.1,0,0.0,0.0,0.0,0.0,0.0,0.0,0.0,0.0,0.0,0.0,5.479
